,item_name,main_category,sub_category,unit_buying_price,unit_selling_price,unit_price_margin,quantity,revenue,profit
755,Onion Brown 2Kg Large,Pantry Staples,Condiments,3.5,4.5,1.0,1731.0,7789.5,1731.0
399,Diced Tomatoes,Pantry Staples,Pasta,0.6800000000000054,0.9900000000000061,0.31000000000000166,973.0,963.2700000000035,301.6300000000011
790,Passata 700G,Pantry Staples,Pasta,1.0,1.490000000000007,0.4900000000000034,638.0,950.6200000000044,312.6200000000016
754,Onion Brown 10Kg,Pantry Staples,Condiments,2.5,7.989999999999879,5.489999999999924,624.0,4985.759999999929,3425.759999999956
820,Peeled Plum Tomatoes,Pantry Staples,Pasta,0.6800000000000044,0.9900000000000038,0.3100000000000012,519.0,513.8100000000013,160.89000000000033
751,Olive Oil Rusk 350G,Pantry Staples,Oil,3.0,4.200000000000029,1.1999999999999922,453.0,1902.60000000001,543.5999999999973
914,Red Split Lentils 1Kg Pattu,Pantry Staples,Grains And Pulses,1.75,3.5,1.75,445.0,1557.5,778.75
185,Chick Peas 400G,Pantry Staples,Grains And Pulses,0.9099999999999971,1.290000000000004,0.3799999999999989,432.0,557.280000000001,164.15999999999943
756,Onion Brown 2Kg Small,Pantry Staples,Condiments,1.0,2.600000000000015,1.6000000000000105,367.0,954.2000000000053,587.2000000000037
282,Daawat Everyday5Kg,Pantry Staples,Rice,9.25,12.0,2.75,286.0,3432.0,786.5
624,Magi Coconut Powder 1Kg,Pantry Staples,Cocunut Products,11.300000000000038,14.989999999999897,3.6900000000000253,276.0,4137.2399999999725,1018.4400000000068
979,Soya Meet Prawn 90G,Pantry Staples,Canned Food,1.0,1.990000000000004,0.9899999999999987,243.0,483.57000000000056,240.56999999999988
978,Soya Meat Chicken,Pantry Staples,Canned Food,1.0,1.990000000000004,0.9899999999999989,228.0,453.720000000001,225.71999999999974
297,Delmage Soyameat Mutton 90G,Pantry Staples,Canned Food,1.0,1.9900000000000033,0.9899999999999978,196.0,390.0400000000003,194.04
398,Devaaya 5Kg,Pantry Staples,Rice,11.0,14.5,3.5,196.0,2842.0,686.0
915,Red Split Lentils 2Kg,Pantry Staples,Grains And Pulses,0.0,6.0,6.0,191.0,1146.0,1146.0
296,Delmage Soyameat Curry,Pantry Staples,Canned Food,1.0,1.9900000000000035,0.9899999999999979,191.0,380.09000000000043,189.08999999999992
512,Green Lentils 500G,Pantry Staples,Pulses And Grains,2.199999999999993,3.5,1.300000000000004,189.0,661.5,245.7000000000007
184,Chick Peas 1Kg Pattu,Pantry Staples,Grains And Pulses,2.1999999999999935,3.990000000000007,1.79,175.0,698.2500000000011,313.2500000000002
1080,Vanila Twists 250G,Pantry Staples,Sugar,3.300000000000008,4.536363636,1.2363636359999954,174.0,789.3272726640001,215.1272726639994
191,Chickpeas Large 500G,Pantry Staples,Grains And Pulses,2.5,3.490000000000006,0.9899999999999995,160.0,558.400000000001,158.39999999999998
423,Egg Pasta Medium 250G,Pantry Staples,Pasta,1.5999999999999965,2.490000000000004,0.8900000000000005,149.0,371.0100000000006,132.61
339,Derana Jack Mackerel 425G,Pantry Staples,Canned Fish,2.949999999999993,3.850000000000009,0.9000000000000018,143.0,550.5500000000011,128.70000000000024
960,Semolina Coarse 500G,Pantry Staples,Flour,1.4000000000000032,2.199999999999995,0.7999999999999982,143.0,314.5999999999994,114.39999999999979
233,Coconut Fine 500G,Pantry Staples,Coconut Products,3.0,3.9900000000000064,0.9899999999999981,138.0,550.6200000000009,136.61999999999983
902,Red Lentils 500G,Pantry Staples,Grains And Pulses,1.900000000000004,2.9900000000000055,1.0900000000000025,138.0,412.62000000000074,150.42000000000036
794,Pasta,Pantry Staples,Pasta,3.5,5.0,1.5,137.0,685.0,205.5
980,Spaghetti No.4,Pantry Staples,Pasta,0.9099999999999979,1.200000000000002,0.2899999999999994,137.0,164.40000000000006,39.72999999999993
67,Barlotti Beans 500G,Pantry Staples,Grains And Pulses,2.1999999999999957,3.5,1.299999999999999,137.0,479.5,178.10000000000016
1115,Wijaya Chilli Powder250G,Pantry Staples,Spices,2.1999999999999944,3.5,1.3000000000000018,136.0,476.0,176.80000000000024
107,Blackeye Beans 500G,Pantry Staples,Spices,2.199999999999995,3.9900000000000064,1.7899999999999978,136.0,542.6400000000008,243.4399999999997
351,Derana Mackerel 425G,Pantry Staples,Canned Fish,2.0,2.990000000000005,0.9899999999999982,134.0,400.66000000000065,132.65999999999983
926,Rigatoni No.58,Pantry Staples,Pasta,0.0,0.9899999999999982,0.9899999999999982,133.0,131.66999999999985,131.66999999999985
901,Red Kidney Beans 400G,Pantry Staples,Pulses And Grains,0.9099999999999978,1.2900000000000023,0.3800000000000003,132.0,170.28000000000003,50.16000000000008
126,Brown Onion 1Kg,Pantry Staples,Condiments,1.5,1.2000000000000002,-0.30000000000000004,132.0,158.40000000000012,-39.60000000000003
844,Plain Flour 5Kg,Pantry Staples,Flour,7.5,9.990000000000007,2.4900000000000047,131.0,1308.690000000001,326.1900000000006
151,Cannelini Beans 400G,Pantry Staples,Grains And Pulses,0.0,1.290000000000001,1.290000000000001,131.0,168.99000000000007,168.99000000000007
619,Maccheroni No.32,Pantry Staples,Pasta,0.790000000000001,1.2000000000000015,0.4099999999999991,131.0,157.2,53.70999999999989
1079,Vanila Powder 15G,Pantry Staples,Sugar,0.7999999999999983,1.9900000000000024,1.1899999999999984,130.0,258.7000000000003,154.6999999999998
1064,Trivelle No.17,Pantry Staples,Pasta,0.7900000000000013,1.200000000000001,0.409999999999999,126.0,151.20000000000005,51.6599999999999
247,Cooking Sauce,Pantry Staples,Condiments,1.2999999999999998,1.9900000000000027,0.6899999999999988,124.0,246.76000000000028,85.55999999999986
962,Semolina Fine 500G,Pantry Staples,Flour,1.4000000000000021,2.1999999999999975,0.7999999999999986,122.0,268.39999999999947,97.59999999999988
1107,Whole Chilli 100G,Pantry Staples,Spices,1.4000000000000028,2.5,1.0999999999999976,119.0,297.5,130.8999999999997
237,Coconut Shreded 500G,Pantry Staples,Coconut Products,3.0,3.990000000000006,0.9899999999999981,117.0,466.8300000000007,115.82999999999979
1087,Virgin Coconut Oil Organic Frank,Pantry Staples,Oil,4.0799999999999965,4.9900000000000055,0.9099999999999978,113.0,563.8700000000007,102.82999999999976
822,Penne Rigati No.18,Pantry Staples,Pasta,0.0,1.200000000000002,1.200000000000002,113.0,135.6000000000001,135.6000000000001
1112,Wijaya Chilli Pieces 250G,Pantry Staples,Spices,2.1999999999999957,3.5,1.2999999999999996,111.0,388.5,144.29999999999995
823,Pennette No.59,Pantry Staples,Pasta,0.0,1.200000000000002,1.200000000000002,111.0,133.20000000000013,133.20000000000013
329,Derana Garlic & Ginger 350G,Pantry Staples,Condiments,0.0,3.949999999999993,3.949999999999993,106.0,418.69999999999925,418.69999999999925
422,Egg Pasta Large 250G,Pantry Staples,Pasta,1.5999999999999979,2.490000000000001,0.8900000000000003,105.0,261.45,93.45000000000003
508,Great Northern Beans 500G,Pantry Staples,Pulses And Grains,1.699999999999999,2.990000000000004,1.2900000000000027,104.0,310.96000000000043,134.16000000000022
683,Mdk Red Sting Hopper Flour 700G,Pantry Staples,Flour,1.6500000000000028,2.9900000000000038,1.3400000000000025,104.0,310.9600000000004,139.36000000000024
795,Pasta Long,Pantry Staples,Pasta,3.5,5.0,1.5,102.0,510.0,153.0
850,Polenta Fine 500G,Pantry Staples,Grains And Pulses,1.5999999999999974,2.6899999999999986,1.0900000000000023,101.0,271.6899999999999,110.09000000000019
153,Cannellini Beans 500G,Pantry Staples,Grains And Pulses,2.1999999999999966,3.2900000000000027,1.0900000000000023,100.0,329.00000000000034,109.00000000000024
600,Linguine No.1,Pantry Staples,Pasta,0.7899999999999994,1.2000000000000017,0.41000000000000003,99.0,118.80000000000014,40.58999999999999
330,Derana Garlic Crush 350G,Pantry Staples,Condiments,2.800000000000005,3.9900000000000055,1.1899999999999984,99.0,395.01000000000056,117.80999999999985
310,Derana Chilli Paste 350G,Pantry Staples,Spices,4.449999999999993,6.990000000000006,2.5399999999999974,98.0,685.0200000000007,248.91999999999976
716,Mung Beans 500G,Pantry Staples,Grains And Pulses,1.8000000000000012,2.490000000000003,0.6899999999999991,97.0,241.53000000000029,66.92999999999991
381,Derana Soya Chunks 500G,Pantry Staples,Pulses And Grains,2.8000000000000043,3.990000000000005,1.1899999999999986,95.0,379.0500000000004,113.04999999999988
1089,Virgin Olive Oil 4Lt,Pantry Staples,Oil,34.5,39.98999999999993,5.4900000000000055,94.0,3759.0599999999945,516.0600000000004
621,Maggi Coco 300G,Pantry Staples,Coconut Products,5.5,7.200000000000004,1.6999999999999993,93.0,669.6000000000004,158.09999999999994
903,Red Lentils Whole 500G,Pantry Staples,Grains And Pulses,1.900000000000003,2.590000000000003,0.6899999999999992,93.0,240.87000000000026,64.16999999999994
138,Butter Beans 400G,Pantry Staples,Grains And Pulses,0.9099999999999981,1.290000000000002,0.3799999999999997,93.0,119.97000000000017,35.34
1008,Sunflower Oil 5Lt,Pantry Staples,Oil,9.0,12.5,3.5,93.0,1162.5,325.5
1033,Tea Coconut Milk,Pantry Staples,Cocunut Products,1.5,2.1999999999999975,0.7000000000000012,90.0,197.99999999999977,63.00000000000009
989,Spirali No.55,Pantry Staples,Pasta,0.7899999999999994,1.2000000000000017,0.4100000000000001,90.0,108.00000000000013,36.89999999999999
134,Bucatini No.6,Pantry Staples,Pasta,0.0,1.2000000000000015,1.2000000000000015,88.0,105.6000000000001,105.6000000000001
466,Fusilli No.56,Pantry Staples,Pasta,0.7899999999999994,1.2000000000000017,0.4100000000000001,85.0,102.00000000000016,34.85
274,Cumin Seed 100G,Pantry Staples,Spices,1.3700000000000014,2.9900000000000033,1.6200000000000017,83.0,248.17000000000021,134.46000000000012
589,Lentils 400G,Pantry Staples,Pulses And Grains,0.9099999999999984,1.2900000000000014,0.37999999999999984,83.0,107.07000000000009,31.53999999999999
332,Derana Ginger Minced 350G,Pantry Staples,Condiments,2.800000000000004,3.990000000000005,1.1899999999999986,81.0,323.1900000000004,96.38999999999989
1,1Lt Coconut Oil,Pantry Staples,Oil,0.2800000000000001,14.0,13.720000000000011,80.0,1120.0,1097.6000000000004
112,Borlotti Beans 400G,Pantry Staples,Pulses And Grains,0.9099999999999984,1.2900000000000011,0.37999999999999984,80.0,103.20000000000007,30.399999999999988
1071,Turmeric Powder 100G,Pantry Staples,Spices,1.799999999999999,2.5,0.700000000000001,80.0,200.0,56.00000000000008
500,Gourmet Salt Crystals 1Kg,Pantry Staples,Spices,1.1999999999999997,1.9900000000000004,0.7899999999999995,80.0,159.19999999999996,63.2
1038,Tea Toor Dhal 1Kg,Pantry Staples,Grains And Pulses,1.790000000000002,2.9900000000000033,1.2000000000000017,78.0,233.22000000000025,93.60000000000012
1125,Wijaya Tumaric Powder 250G,Pantry Staples,Spices,2.699999999999997,3.5,0.7999999999999988,76.0,266.0,60.79999999999991
918,Renuka Coconut Milk Pdr 1Kg,Pantry Staples,Cocunut Products,11.399999999999986,15.0,3.5999999999999974,76.0,1140.0,273.5999999999998
256,Cous Cous 500G,Pantry Staples,Grains And Pulses,1.9399999999999984,2.990000000000003,1.0499999999999985,75.0,224.2500000000002,78.74999999999989
956,Self Raising 2Kg,Pantry Staples,Flour,3.0,4.5,1.5,74.0,333.0,111.0
186,Chick Peas R & S,Pantry Staples,Grains And Pulses,2.900000000000003,4.990000000000005,2.0900000000000025,74.0,369.26000000000033,154.66000000000017
470,Garlic & Ginger 1Kg,Pantry Staples,Spices,4.800000000000007,6.9900000000000055,2.1899999999999986,73.0,510.27000000000044,159.8699999999999
388,Derana Veg Red Coco Sambol 225G,Pantry Staples,Sauces,3.599999999999996,5.5,1.9000000000000026,73.0,401.5,138.70000000000016
729,Mustard Seed 100G,Pantry Staples,Spices,0.9900000000000001,3.0,2.0100000000000007,72.0,216.0,144.72000000000006
342,Derana Katta Sambol 350G,Pantry Staples,Condiments,4.899999999999998,6.5,1.599999999999998,72.0,468.0,115.19999999999986
385,Derana Tikiri Soya 250G,Pantry Staples,Pulses And Grains,1.75,2.49,0.7400000000000001,70.0,174.30000000000007,51.80000000000002
321,Derana Curry Powder 250G,Pantry Staples,Spices,1.9500000000000015,2.5900000000000025,0.6400000000000003,69.0,178.71000000000018,44.160000000000025
990,Sprats 150G Richmi,Pantry Staples,Rice,3.1999999999999975,4.990000000000005,1.7900000000000023,68.0,339.32000000000033,121.72000000000011
8,Adzuki Beans 500G,Pantry Staples,Grains And Pulses,2.0,2.6899999999999986,0.6899999999999996,68.0,182.9199999999999,46.91999999999998
966,Sesame Seeds 500G,Pantry Staples,Spices,3.0,3.9900000000000038,0.9900000000000005,68.0,271.3200000000003,67.32000000000002
1003,Sulthana 500G,Pantry Staples,Grains And Pulses,3.6699999999999946,4.990000000000005,1.3199999999999983,67.0,334.3300000000003,88.43999999999988
953,Seenisambol 350G Derana,Pantry Staples,Sauces,4.6,6.5,1.9000000000000021,67.0,435.5,127.30000000000014
176,Channa Dhall 1Kg,Pantry Staples,Grains And Pulses,2.1100000000000003,4.490000000000004,2.3799999999999977,66.0,296.34000000000026,157.07999999999987
286,Dark Red Kidney 500G,Pantry Staples,Grains And Pulses,2.2000000000000006,2.990000000000002,0.7899999999999994,66.0,197.34000000000017,52.13999999999996
1117,Wijaya Curry Powder 250G,Pantry Staples,Spices,2.599999999999997,3.5,0.899999999999999,65.0,227.5,58.499999999999936
1123,Wijaya Roasted Curry Powder 250G,Pantry Staples,Spices,2.800000000000002,3.9900000000000038,1.1899999999999988,65.0,259.35000000000025,77.34999999999992
348,Derana Lite Basmathi 1Kg,Pantry Staples,Rice,2.900000000000003,3.9900000000000038,1.0900000000000019,65.0,259.3500000000002,70.85000000000011
252,Coriender Powder 200G,Pantry Staples,Spices,1.3499999999999992,4.490000000000004,3.1399999999999952,65.0,291.85000000000025,204.09999999999968
446,Fine Salt 1Kg,Pantry Staples,Spices,1.2000000000000013,1.9899999999999982,0.7899999999999994,65.0,129.34999999999994,51.349999999999966
955,Select Basmathi 5Kg Daawat,Pantry Staples,Rice,15.75,20.0,4.25,64.0,1280.0,272.0
776,Papadam 200G Derana,Pantry Staples,Dry,2.25,3.5,1.25,64.0,224.0,80.0
159,Cardamom Green 100G,Pantry Staples,Spides,3.8000000000000043,4.990000000000005,1.1899999999999988,64.0,319.3600000000003,76.15999999999993
1113,Wijaya Chilli Pieces 500G,Pantry Staples,Spices,4.199999999999995,6.5,2.2999999999999994,62.0,403.0,142.59999999999997
462,Fried Sprats 160G,Pantry Staples,Sardines,5.0,6.5,1.5,62.0,403.0,93.0
1068,Turkish White Coarse Burgul 500G,Pantry Staples,Pulses And Grains,1.200000000000001,1.9899999999999984,0.7899999999999995,61.0,121.3899999999999,48.189999999999976
316,Derana Cinnamon Quills 50G,Pantry Staples,Spices,2.25,3.4900000000000024,1.2399999999999998,61.0,212.89000000000016,75.63999999999999
622,Maggi Coconut Milk Powder 125G,Pantry Staples,Coconut Products,1.950000000000002,3.5,1.5499999999999983,60.0,210.0,92.99999999999991
1132,Yellow Split Peas 500G,Pantry Staples,Grains And Pulses,1.4000000000000006,1.989999999999998,0.5900000000000001,60.0,119.3999999999999,35.40000000000001
682,Mdk Hopper Mix,Pantry Staples,Spices,1.7999999999999983,2.99,1.189999999999999,59.0,176.41000000000003,70.20999999999997
1011,Super Chef 5Kg,Pantry Staples,Rice,9.0,11.990000000000007,2.9900000000000007,59.0,707.4100000000004,176.40999999999997
439,Fennel Seed 50G,Pantry Staples,Spices,1.2000000000000013,1.9899999999999984,0.7899999999999994,59.0,117.40999999999991,46.609999999999964
1122,Wijaya Pppadam,Pantry Staples,Papad,1.799999999999998,2.5,0.7000000000000003,59.0,147.5,41.30000000000002
1035,Tea Dried Sprats 250G,Pantry Staples,Sardines,5.25,6.990000000000005,1.7399999999999987,58.0,405.4200000000003,100.91999999999996
309,Derana Chicken Curry Mix 375G,Pantry Staples,Spices,3.400000000000003,4.990000000000004,1.590000000000002,58.0,289.4200000000002,92.22000000000011
318,Derana Coconut Milk 400Ml,Pantry Staples,Coconut Products,1.5999999999999988,2.200000000000002,0.6000000000000006,58.0,127.60000000000011,34.80000000000003
1063,Trahanas Sour 500G,Pantry Staples,Pasta,2.800000000000001,3.9900000000000033,1.189999999999999,58.0,231.4200000000002,69.01999999999994
368,Derana R/Coco Sambol 300G,Pantry Staples,Sauce,3.900000000000004,5.5,1.5999999999999988,57.0,313.5,91.19999999999993
1114,Wijaya Chilli Powder 500G,Pantry Staples,Spices,4.199999999999996,6.5,2.2999999999999985,57.0,370.5,131.0999999999999
999,Sudu Kekulu5Kg Kandyan,Pantry Staples,Rice,8.75,11.990000000000007,3.240000000000001,56.0,671.4400000000004,181.44000000000008
356,Derana Muthu Samba 1Kg,Pantry Staples,Rice,2.150000000000002,3.5,1.35,56.0,196.0,75.60000000000001
625,Mahlepi Ground 15G,Pantry Staples,Flour,1.75,2.489999999999999,0.7399999999999992,56.0,139.44,41.44
1069,Turkish White Fine Burgul 500G,Pantry Staples,Pulses And Grains,1.200000000000001,1.9899999999999984,0.7899999999999995,56.0,111.4399999999999,44.239999999999974
1121,Wijaya Meat Curry Powder Mixture,Pantry Staples,Spices,3.9000000000000035,5.990000000000005,2.0900000000000025,55.0,329.4500000000002,114.95000000000012
308,Derana Cashew Curry 340G,Pantry Staples,Sauce,5.949999999999994,7.9900000000000055,2.040000000000002,55.0,439.4500000000003,112.20000000000013
302,Derana Basmathi 5Kg,Pantry Staples,Rice,11.35000000000001,14.799999999999988,3.449999999999998,55.0,813.9999999999994,189.7499999999999
96,Black Beans 500G,Pantry Staples,Pulses And Grains,1.7999999999999983,2.4899999999999984,0.6900000000000004,53.0,131.96999999999994,36.570000000000014
392,Derana White Raw Rice 1Kg,Pantry Staples,Rice,2.0999999999999983,3.5,1.4,53.0,185.5,74.19999999999999
292,Dearana Special Pappadam 100G,Pantry Staples,Dry,1.25,1.9899999999999989,0.7399999999999993,53.0,105.46999999999996,39.21999999999999
880,Pure Honey 1Kg,Pantry Staples,Baking,11.0,13.990000000000007,2.9900000000000007,53.0,741.4700000000004,158.47000000000003
851,Polos Ambula 350G,Pantry Staples,Sauces,3.6999999999999975,4.990000000000004,1.2899999999999996,52.0,259.4800000000002,67.07999999999998
473,Garlic Crush 1Kg,Pantry Staples,Spices,4.800000000000004,6.990000000000005,2.1899999999999986,51.0,356.49000000000024,111.68999999999993
750,Olive Oil Rusk,Pantry Staples,Oil,5.0,7.0,2.0,49.0,343.0,98.0
664,Md Extra Hot Chilli Sauce,Pantry Staples,Sauce,2.75,3.5,0.75,49.0,171.5,36.75
660,Md Coconut Milk 400Ml,Pantry Staples,Coconut Products,1.0,1.9899999999999989,0.9900000000000002,47.0,93.52999999999994,46.53000000000001
676,Md Tamarind Paste,Pantry Staples,Sauces,3.75,4.990000000000003,1.2400000000000004,47.0,234.53000000000014,58.28000000000002
307,Derana Buriyani Mix 375G,Pantry Staples,Spices,3.4000000000000026,4.990000000000003,1.5900000000000019,47.0,234.5300000000001,74.73000000000008
373,Derana Red Basmathi 1Kg,Pantry Staples,Rice,2.900000000000002,3.9900000000000015,1.0900000000000012,46.0,183.54000000000008,50.14000000000006
617,Macaroni 02,Pantry Staples,Pasta,1.7999999999999987,2.5999999999999983,0.8000000000000005,46.0,119.59999999999997,36.80000000000001
121,Broad Beans 500G,Pantry Staples,Pulses And Grains,1.7999999999999985,2.489999999999999,0.6900000000000004,46.0,114.53999999999995,31.740000000000016
406,Dried Fish Katta 200G,Pantry Staples,Dried Fish,5.800000000000003,7.5,1.7000000000000013,46.0,345.0,78.20000000000006
954,Sela Basmati 5Kg,Pantry Staples,Rice,11.5,15.0,3.5,46.0,690.0,161.0
819,Pecan Kernels 100G,Pantry Staples,Grains And Pulses,3.560000000000002,4.990000000000003,1.43,45.0,224.5500000000001,64.35
566,Kist Chilli Paste325G,Pantry Staples,Spices,4.5500000000000025,5.445454544999996,0.895454545,45.0,245.04545452499983,40.295454525
10,Al Nakhil Tahina 454G,Pantry Staples,Grains And Pulses,4.0,4.990000000000003,0.9900000000000001,45.0,224.55000000000013,44.550000000000004
327,Derana Fried Sprat 175G,Pantry Staples,Sardines,4.949999999999997,6.990000000000004,2.0400000000000014,45.0,314.5500000000002,91.80000000000007
900,Red Coconut Sambol,Pantry Staples,Sauces,3.400000000000002,5.5,2.099999999999999,44.0,242.0,92.39999999999996
317,Derana Coconut Cream 400Ml,Pantry Staples,Coconut Products,1.6,2.2000000000000015,0.6000000000000004,44.0,96.80000000000007,26.40000000000002
218,Cinnamon 15G,Pantry Staples,Spices,0.8000000000000004,1.2999999999999992,0.5,42.0,54.59999999999998,21.0
626,Malay Pickle Derana,Pantry Staples,Pickle,4.5,5.800000000000003,1.2999999999999992,40.0,232.00000000000017,51.999999999999964
295,Delmage Jack Mackerel 400G,Pantry Staples,Canned Fish,3.75,4.75,1.0,40.0,190.0,40.0
369,Derana R/Curry Powder 250G,Pantry Staples,Spices,2.2000000000000015,2.9000000000000017,0.6999999999999995,40.0,116.00000000000007,27.999999999999982
183,Chick Pea Flour 1Kg Pattu,Pantry Staples,Flour,2.5,3.99,1.4900000000000004,40.0,159.6,59.600000000000016
314,Derana Chilli Powder 500G,Pantry Staples,Spices,3.9000000000000026,5.099999999999996,1.2000000000000006,39.0,198.89999999999986,46.800000000000026
326,Derana Fried Katta 200G,Pantry Staples,Sauce,4.949999999999998,6.990000000000004,2.0400000000000005,38.0,265.6200000000001,77.52000000000002
257,Cous Cous Pearl 300G,Pantry Staples,Grains And Pulses,1.9399999999999988,2.989999999999999,1.0499999999999998,38.0,113.61999999999996,39.89999999999999
397,Devaaya 10Kg,Pantry Staples,Rice,19.75,28.0,8.25,37.0,1036.0,305.25
1022,Tamarind 100G,Pantry Staples,Spices,0.75,2.5,1.75,37.0,92.5,64.75
928,Risoni Medium,Pantry Staples,Condiments,1.7999999999999987,2.5999999999999988,0.8000000000000004,36.0,93.59999999999995,28.800000000000015
465,Funugreek Seed 50G,Pantry Staples,Spices,1.2000000000000002,1.9900000000000004,0.7899999999999995,36.0,71.64000000000001,28.439999999999984
782,Paprika Sweet 100G,Pantry Staples,Spices,1.799999999999999,2.5,0.6999999999999996,36.0,90.0,25.199999999999985
333,Derana Goraka Pieces 100G,Pantry Staples,Condiments,1.7999999999999987,3.5,1.700000000000001,36.0,126.0,61.20000000000004
221,Cinnamon Quills100G,Pantry Staples,Spices,2.7999999999999985,3.9899999999999993,1.1899999999999997,35.0,139.64999999999998,41.64999999999999
916,Red Split Lentils 5Kg,Pantry Staples,Grains And Pulses,8.75,12.0,3.25,35.0,420.0,113.75
927,Risine Large 500G,Pantry Staples,Condiments,1.799999999999999,2.599999999999999,0.8000000000000004,35.0,90.99999999999997,28.000000000000014
239,Colavita Olive Oil 500Ml,Pantry Staples,Oil,5.0,6.490000000000002,1.4900000000000002,34.0,220.66000000000008,50.66000000000001
16,Amami Papadam,Pantry Staples,Grains And Pulses,1.1499999999999992,1.9900000000000007,0.84,34.0,67.66000000000001,28.56
618,Macaroni 05,Pantry Staples,Pasta,1.7999999999999992,2.5999999999999996,0.8000000000000004,34.0,88.4,27.20000000000001
509,Green Coconut Sambol Rabeena,Pantry Staples,Sauces,3.25,5.5,2.25,34.0,187.0,76.5
325,Derana Fish Abulthiyal 300G,Pantry Staples,Sauce,5.949999999999997,7.990000000000004,2.04,34.0,271.66000000000014,69.36
251,Coriander Seeds 100G,Pantry Staples,Spices,1.2199999999999995,2.9899999999999993,1.7700000000000011,34.0,101.65999999999998,60.180000000000035
1109,Wholemeal Flour 1Kg,Pantry Staples,Flour,1.6000000000000008,2.689999999999999,1.09,34.0,91.45999999999997,37.06000000000001
929,Roasted Chilli 250G Ra,Pantry Staples,Spices,2.75,3.5,0.75,34.0,119.0,25.5
157,Captain Jack Mackerel 800G,Pantry Staples,Canned Fish,7.0,8.699999999999996,1.7000000000000008,33.0,287.09999999999985,56.10000000000002
670,Md Maldive Fish 100G,Pantry Staples,Condiments,3.700000000000002,4.889999999999998,1.19,33.0,161.36999999999992,39.269999999999996
580,Lasagna Sheets Large 250G,Pantry Staples,Pasta,1.3900000000000003,2.200000000000001,0.8099999999999997,33.0,72.60000000000005,26.72999999999999
117,Brinjal Moju Serendib 250G,Pantry Staples,Pickle,2.9500000000000015,3.989999999999999,1.0399999999999994,33.0,131.66999999999993,34.31999999999998
328,Derana Fried Thalapath 200G,Pantry Staples,Sauce,5.900000000000003,7.990000000000004,2.0900000000000016,33.0,263.67000000000013,68.97000000000006
1062,Trahana Sweet 500G,Pantry Staples,Pasta,2.7999999999999985,3.989999999999999,1.1900000000000002,33.0,131.67,39.27000000000001
1118,Wijaya Curry Powder 500G,Pantry Staples,Spices,4.5,6.5,2.0,31.0,201.5,62.0
372,Derana Raw Rice 1Kg,Pantry Staples,Rice,2.1000000000000005,3.5,1.3999999999999992,31.0,108.5,43.39999999999998
353,Derana Mango Curry 350G,Pantry Staples,Sauces,3.799999999999998,5.490000000000001,1.6899999999999993,31.0,170.19000000000003,52.38999999999998
481,Ghee / Qbb 400G,Pantry Staples,Oil,7.150000000000004,8.5,1.3500000000000008,31.0,263.5,41.85000000000002
323,Derana Dried Prawns 175G,Pantry Staples,Condiment,3.6500000000000017,4.700000000000001,1.0500000000000005,30.0,141.00000000000003,31.500000000000014
379,Derana Sago 500G,Pantry Staples,Grains And Pulses,2.5999999999999996,3.5,0.8999999999999996,30.0,105.0,26.999999999999986
441,Fenugreek Seeds 100G,Pantry Staples,Spices,1.0,2.9899999999999998,1.9900000000000007,30.0,89.69999999999999,59.70000000000002
924,Rice Flour Unroasted Agro,Pantry Staples,Flour,3.25,4.5,1.25,29.0,130.5,36.25
20,Amberella Curry,Pantry Staples,Sauce,3.9500000000000015,5.489999999999998,1.5399999999999994,29.0,159.21000000000004,44.65999999999999
290,Dearana Kohila Dalu Curry 350G,Pantry Staples,Sauces,3.700000000000002,4.989999999999998,1.2899999999999994,29.0,144.71,37.40999999999999
220,Cinnamon Powder 250G,Pantry Staples,Spices,2.0,3.4899999999999993,1.49,29.0,101.20999999999998,43.21
1007,Sunflower Oil 2Lt,Pantry Staples,Oil,4.8,6.5,1.7000000000000006,29.0,188.5,49.30000000000002
343,Derana Keeri Samba 1Kg,Pantry Staples,Rice,2.7999999999999985,3.989999999999999,1.1900000000000002,29.0,115.70999999999997,34.510000000000005
313,Derana Chilli Powder 250G,Pantry Staples,Spices,1.9500000000000008,2.590000000000002,0.6400000000000002,29.0,75.11000000000006,18.560000000000006
783,Paprika Sweet 200G,Pantry Staples,Spices,2.799999999999999,3.9899999999999993,1.1900000000000004,29.0,115.70999999999998,34.510000000000005
1072,Turmeric Powder100G,Pantry Staples,Spices,0.0,1.7999999999999992,1.7999999999999992,29.0,52.199999999999974,52.199999999999974
852,Polos Ambula 675G,Pantry Staples,Sauces,6.199999999999998,8.5,2.2999999999999985,28.0,238.0,64.39999999999996
1078,V/ R Coconut Sambol 300G,Pantry Staples,Sauces,3.700000000000002,5.5,1.7999999999999992,28.0,154.0,50.39999999999998
255,Corriander Ground 200G,Pantry Staples,Spices,2.7999999999999985,4.489999999999998,1.6899999999999995,28.0,125.71999999999996,47.319999999999986
258,Cous Cous Wholemeal 450G,Pantry Staples,Grains And Pulses,1.9399999999999993,2.99,1.0500000000000005,28.0,83.72,29.400000000000013
411,Dried Paraw 250G Agro,Pantry Staples,Dried Fish,6.0,7.5,1.5,28.0,210.0,42.0
730,Mustard Seed Brown 250G,Pantry Staples,Spices,1.5,5.0,3.5,27.0,135.0,94.5
499,Goraka Paste Derana,Pantry Staples,Condiments,3.5999999999999983,4.989999999999998,1.3900000000000003,27.0,134.72999999999996,37.53000000000001
828,Pepper Powder Wij 250G,Pantry Staples,Spices,6.949999999999998,8.990000000000002,2.0399999999999996,26.0,233.74000000000007,53.039999999999985
340,Derana Jaffna Curry Powder 350G,Pantry Staples,Spices,4.299999999999998,5.599999999999998,1.3000000000000003,26.0,145.59999999999994,33.800000000000004
389,Derana Veg Seeni Sambol 350G,Pantry Staples,Sauces,4.299999999999998,6.489999999999999,2.1899999999999995,26.0,168.74,56.93999999999998
202,Chilli Pieces Sera,Pantry Staples,Spices,1.6000000000000005,2.6000000000000005,1.0,26.0,67.60000000000001,26.0
1020,Swiss Roll Vanila,Pantry Staples,Sweet,1.7700000000000005,2.2272727269999995,0.45727272699999993,26.0,57.90909090199998,11.889090902
254,Corn Flour White 500G,Pantry Staples,Flour,1.3999999999999995,2.399999999999999,1.0,26.0,62.39999999999998,26.0
718,Mung Split 1Kg Pattu,Pantry Staples,Grains And Pulses,3.15,3.9899999999999993,0.84,25.0,99.74999999999999,21.0
331,Derana Ginger Minced 1Kg,Pantry Staples,Condiments,4.799999999999998,6.990000000000001,2.1899999999999995,25.0,174.75000000000003,54.749999999999986
536,Icing Gem 200G,Pantry Staples,Sugar,0.85,1.5454545449999992,0.6954545450000004,25.0,38.63636362499998,17.38636362500001
541,Indian Gate Classic 5Kg,Pantry Staples,Rice,19.0,24.5,5.5,25.0,612.5,137.5
606,Lite R/Raw Samba1Kg,Pantry Staples,Rice,2.100000000000001,3.5,1.3999999999999995,25.0,87.5,34.999999999999986
675,Md Sweet Chilli Sauce,Pantry Staples,Sauce,2.75,3.5,0.75,25.0,87.5,18.75
925,Richmi Mora Dried Fish 150G,Pantry Staples,Condiments,4.900000000000002,7.5,2.6000000000000005,25.0,187.5,65.00000000000001
853,Polos In Brine,Pantry Staples,Sauces,3.25,4.5,1.25,25.0,112.5,31.25
272,Cumin Ground 50G,Pantry Staples,Spices,1.1999999999999995,2.5,1.3000000000000005,24.0,60.0,31.20000000000001
291,Dearana Kooni Sambol 275G,Pantry Staples,Spices,4.900000000000002,6.990000000000001,2.090000000000001,24.0,167.76000000000002,50.160000000000025
46,Attiki Honey 500G,Pantry Staples,Condiments,12.0,15.0,3.0,24.0,360.0,72.0
461,Fried Onion & Maldive Fish Sambol,Pantry Staples,Condiment,4.950000000000002,7.990000000000002,3.0400000000000005,24.0,191.76000000000005,72.96000000000001
964,Sesame Balls 200G Araliya,Pantry Staples,Grains And Pulses,4.400000000000001,5.0,0.5999999999999999,24.0,120.0,14.399999999999995
653,Mastiha 15G,Pantry Staples,Spices,3.5,4.989999999999999,1.4899999999999993,23.0,114.77,34.269999999999996
663,Md Coconut Vinegar 350Ml,Pantry Staples,Vinegar,1.1000000000000003,1.9900000000000002,0.8900000000000002,23.0,45.77,20.470000000000006
338,Derana Indian Basmathi 5Kg,Pantry Staples,Rice,12.400000000000002,15.990000000000004,3.590000000000002,23.0,367.7700000000001,82.57000000000005
609,Lite Red Raw Samba 5Kg,Pantry Staples,Rice,9.800000000000004,13.5,3.7000000000000015,23.0,310.5,85.10000000000002
347,Derana Lime Pickle Sambol 400G,Pantry Staples,Pickle,3.7999999999999985,4.790000000000003,0.9899999999999997,23.0,110.17000000000006,22.769999999999992
1082,Vegetable Oil 2Lt,Pantry Staples,Oil,4.5,6.5,2.0,23.0,149.5,46.0
938,Rozana Basmati 5Kg,Pantry Staples,Rice,10.5,13.5,3.0,23.0,310.5,69.0
366,Derana Pork Curry Mix 350G,Pantry Staples,Spices,2.899999999999999,4.989999999999998,2.0900000000000007,23.0,114.76999999999997,48.07000000000002
311,Derana Chilli Pieces 250G,Pantry Staples,Spices,1.9500000000000004,2.5900000000000016,0.6400000000000002,23.0,59.570000000000036,14.720000000000004
898,Raw Sugar 1Kg,Pantry Staples,Sugar,1.7999999999999998,2.299999999999999,0.5,22.0,50.59999999999998,11.0
717,Mung Dhall 1Kg,Pantry Staples,Grains And Pulses,2.2800000000000007,3.99,1.7100000000000006,22.0,87.78,37.62000000000001
350,Derana Lunumiris,Pantry Staples,Sauce,3.7000000000000015,4.799999999999998,1.1000000000000003,22.0,105.59999999999997,24.200000000000006
345,Derana Kithul Jaggary 450G,Pantry Staples,Sugar,5.900000000000002,7.7,1.8,22.0,169.39999999999998,39.6
355,Derana Mustard Powder 200G,Pantry Staples,Spices,1.95,3.9900000000000007,2.0399999999999996,21.0,83.79000000000002,42.83999999999999
236,Coconut Sambol Veg La,Pantry Staples,Coconut Products,3.100000000000001,3.99,0.8900000000000002,21.0,83.79,18.690000000000005
359,Derana Papper Crush 200G,Pantry Staples,Spices,4.900000000000001,6.39,1.4899999999999993,21.0,134.19,31.289999999999985
982,Special White Flour 1Kg,Pantry Staples,Flour,1.6000000000000003,2.39,0.7899999999999997,21.0,50.190000000000005,16.589999999999996
942,Sago 250G,Pantry Staples,Pulses And Grains,1.25,2.25,1.0,21.0,47.25,21.0
644,Mango Chutney 450G Der,Pantry Staples,Condiments,3.3999999999999995,4.989999999999999,1.59,21.0,104.78999999999998,33.39
352,Derana Maldive F Sambol 200G,Pantry Staples,Sauce,4.950000000000001,6.989999999999999,2.0399999999999996,21.0,146.79,42.83999999999999
607,Lite Red Raw Rice1Kg,Pantry Staples,Rice,2.899999999999999,3.7999999999999985,0.8999999999999999,21.0,79.79999999999997,18.9
542,Indian Gate Super 6.250Kg,Pantry Staples,Rice,18.0,23.5,5.5,21.0,493.5,115.5
277,Curry Powder250G Kandyan,Pantry Staples,Sauces,2.0,3.9900000000000007,1.9899999999999998,21.0,83.79000000000002,41.78999999999999
861,Potato Gnocchi,Pantry Staples,Pasta,2.0,2.5,0.5,21.0,52.5,10.5
294,Delmage Jack Ma 425G,Pantry Staples,Canned Fish,3.5,4.5,1.0,20.0,90.0,20.0
197,Chilli Crushed 250G Kandyan,Pantry Staples,Spices,2.0,3.9900000000000007,1.9899999999999998,20.0,79.8,39.8
659,Md Chilli Paste 200G,Pantry Staples,Spices,3.189999999999999,3.5,0.3099999999999999,20.0,70.0,6.1999999999999975
1077,Urid Whole White 1Kg,Pantry Staples,Grains And Pulses,4.07,4.99,0.92,20.0,99.79999999999998,18.400000000000006
834,Pineapple Jam Kist300G,Pantry Staples,Condiments,2.0,2.799999999999999,0.8000000000000003,20.0,55.99999999999998,16.000000000000007
868,Premium 5K Pattu,Pantry Staples,Rice,10.620000000000001,13.5,2.880000000000001,20.0,270.0,57.600000000000016
1004,Sun Dried Tomato 100G,Pantry Staples,Condiments,0.0,2.0,2.0,19.0,38.0,38.0
1120,Wijaya Kurakkan Flour 400G,Pantry Staples,Flour,1.8999999999999995,2.990000000000001,1.09,19.0,56.810000000000024,20.71
158,Captain Jack Mackerl 400G,Pantry Staples,Canned Fish,3.5,4.49,0.9899999999999999,19.0,85.31,18.81
752,Olive Pickle 400G,Pantry Staples,Pickle,2.0,2.990000000000001,0.9899999999999999,19.0,56.810000000000024,18.81
76,Basmathi 1Kg Monsoon,Pantry Staples,Rice,1.75,2.990000000000001,1.2399999999999995,19.0,56.810000000000024,23.55999999999999
300,Derana Anguluwa Dried Fish 200G,Pantry Staples,Condiments,3.75,4.75,1.0,19.0,90.25,19.0
383,Derana Suduru Samba 1Kg,Pantry Staples,Rice,3.399999999999999,4.989999999999999,1.59,19.0,94.81,30.21
463,Fried Sprats 160G Kandy,Pantry Staples,Sardines,5.0,6.5,1.5,19.0,123.5,28.5
436,Fava Beans 500G,Pantry Staples,Grains And Pulses,1.1999999999999997,2.5,1.3000000000000003,19.0,47.5,24.700000000000006
346,Derana Kohila Curry,Pantry Staples,Sauces,3.7999999999999985,4.89,1.09,19.0,92.91,20.71
970,Sinhala Pickle 375G Md,Pantry Staples,Pickle,2.75,3.990000000000001,1.2399999999999995,18.0,71.82000000000002,22.319999999999993
678,Md Tomato Sauce,Pantry Staples,Sauces,2.75,3.5,0.75,18.0,63.0,13.5
1092,Vss Virgin Coconut Oil 500G,Pantry Staples,Oil,6.400000000000001,7.489999999999998,1.09,18.0,134.81999999999996,19.62
414,Dried Thalapath 200G Derana,Pantry Staples,Dried Fish,5.950000000000002,7.5,1.5500000000000005,18.0,135.0,27.90000000000001
77,Basmathi Rice Golden Sella 1Kg,Pantry Staples,Rice,2.899999999999999,3.9900000000000015,1.09,18.0,71.82000000000001,19.62
344,Derana Keeri Samba 5Kg,Pantry Staples,Rice,13.599999999999996,17.5,3.8999999999999995,18.0,315.0,70.19999999999999
826,Pepper Crushed 100G,Pantry Staples,Sauces,2.3500000000000005,3.5,1.1499999999999997,18.0,63.0,20.699999999999996
324,Derana Dry Seeni Samble 325G,Pantry Staples,Sauce,4.950000000000001,6.489999999999998,1.5399999999999996,18.0,116.81999999999996,27.71999999999999
666,Md Green Chilli Sauce,Pantry Staples,Sauce,2.75,3.5,0.75,18.0,63.0,13.5
102,Black Pepper Whole100G,Pantry Staples,Spices,1.1,2.7181818179999997,1.618181818,18.0,48.927272724,29.127272724
225,Cloves Whole 30G,Pantry Staples,Spices,1.1999999999999997,2.990000000000001,1.7899999999999996,18.0,53.82000000000002,32.21999999999999
377,Derana Ros /Rice Flr Red 1Kg,Pantry Staples,Flour,2.1999999999999997,2.899999999999999,0.6999999999999998,18.0,52.19999999999999,12.599999999999998
1043,Thalapath 150G Richmi,Pantry Staples,Dried Fish,5.599999999999999,7.5,1.8999999999999995,17.0,127.5,32.29999999999999
1023,Tamarind 200G,Pantry Staples,Spices,1.5,2.5,1.0,17.0,42.5,17.0
322,Derana Curry Powder 500G,Pantry Staples,Spices,3.899999999999999,5.1,1.1999999999999997,17.0,86.69999999999999,20.399999999999995
341,Derana Katta Curry 325G,Pantry Staples,Sauces,4.9,6.989999999999998,2.09,17.0,118.82999999999997,35.53
991,Sprats Ready To Cook,Pantry Staples,Sardines,5.200000000000001,6.989999999999998,1.7899999999999994,17.0,118.82999999999997,30.42999999999999
312,Derana Chilli Pieces 500G,Pantry Staples,Spices,3.899999999999999,5.1,1.1999999999999997,16.0,81.6,19.199999999999996
69,Basil Seed 100G(Casa Casa),Pantry Staples,Spices,3.0,3.9900000000000015,0.9900000000000001,16.0,63.840000000000025,15.840000000000002
304,Derana Beef Curry Mix 375G,Pantry Staples,Spices,2.899999999999999,4.99,2.09,16.0,79.83999999999999,33.44
438,Fennel Powder 100G,Pantry Staples,Spices,1.0999999999999999,2.718181818,1.618181818,16.0,43.490909088,25.890909088
685,Meat Masala 200G,Pantry Staples,Spices,1.8500000000000005,2.5,0.6500000000000001,16.0,40.0,10.400000000000002
569,Kithul Jaggery 500G Se,Pantry Staples,Sugar,4.25,5.990000000000001,1.7399999999999998,16.0,95.84,27.839999999999996
976,Soya Beans 500G,Pantry Staples,Pulses And Grains,2.3,3.2899999999999996,0.9900000000000001,16.0,52.63999999999999,15.840000000000002
1104,White Raw Rice 5Kg Derana,Pantry Staples,Rice,9.95,12.990000000000002,3.0399999999999996,16.0,207.84000000000003,48.63999999999999
1075,U/R Chilli Powder Rabee,Pantry Staples,Spices,2.75,3.5,0.75,16.0,56.0,12.0
554,Karapincha Porridge 50G,Pantry Staples,Dry,1.0999999999999999,1.5999999999999999,0.5,16.0,25.60000000000001,8.0
961,Semolina Fine 1Kg,Pantry Staples,Flour,1.5,3.0,1.5,16.0,48.0,24.0
362,Derana Paspanguwa 100G,Pantry Staples,Spices,2.25,3.0,0.75,16.0,48.0,12.0
161,Cardmon Pods 200G,Pantry Staples,Spices,7.200000000000002,9.5,2.3,16.0,152.0,36.8
667,Md Kithul Juggery 500G,Pantry Staples,Sugar,8.5,9.081818182000003,0.5818181819999999,16.0,145.30909091200004,9.309090911999998
396,Derana Yellow Rice Mix 350G,Pantry Staples,Rice,3.2000000000000006,4.5,1.3000000000000003,16.0,72.0,20.800000000000004
349,Derana Lite Basmathi 5Kg,Pantry Staples,Rice,13.400000000000004,17.0,3.600000000000001,16.0,272.0,57.600000000000016
224,Cloves 200G,Pantry Staples,Spices,4.0,5.989999999999999,1.9899999999999993,16.0,95.83999999999999,31.83999999999999
43,Atta 1Kg Pattu,Pantry Staples,Flour,1.75,2.990000000000001,1.2399999999999998,16.0,47.84000000000002,19.839999999999996
749,Olive Oil 500Ml Bal,Pantry Staples,Pasta,5.909999999999998,7.5,1.59,15.0,112.5,23.85
182,Chia Seeds 250G,Pantry Staples,Grains And Pulses,4.5,5.99,1.4899999999999998,15.0,89.84999999999998,22.349999999999994
904,Red Lentils Whole 500G (Skin Off),Pantry Staples,Grains And Pulses,2.0,2.89,0.8900000000000002,15.0,43.35,13.350000000000001
558,Keeramin Small 200G Sera,Pantry Staples,Sardines,4.1000000000000005,4.5,0.4,15.0,67.5,6.0
546,Jak Mallum In Brine Arali,Pantry Staples,Condiments,2.9099999999999993,4.490000000000001,1.5799999999999996,15.0,67.35000000000002,23.699999999999996
476,Garlic Pickle,Pantry Staples,Pickle,2.0,2.990000000000001,0.9900000000000001,15.0,44.850000000000016,14.850000000000001
248,Coriader Whole 250G,Pantry Staples,Spices,1.9499999999999995,3.9900000000000015,2.0399999999999996,15.0,59.85000000000002,30.59999999999999
319,Derana Coconut Vinegar 750Ml,Pantry Staples,Vinegar,1.9499999999999995,2.6900000000000004,0.7400000000000001,15.0,40.35,11.100000000000001
1105,White Sugar 1Kg,Pantry Staples,Baking,1.6000000000000003,2.2899999999999996,0.6899999999999997,15.0,34.349999999999994,10.349999999999996
281,Daawat Biriyani Rice 5Kg,Pantry Staples,Rice,17.5,22.0,4.5,14.0,308.0,63.0
364,Derana Pepper Powder 200G,Pantry Staples,Spices,4.8999999999999995,6.39,1.4899999999999998,14.0,89.46,20.859999999999996
98,Black Pepper 150G Dera,Pantry Staples,Spices,4.299999999999999,5.5,1.1999999999999997,14.0,77.0,16.799999999999997
413,Dried Sprats 200G Lakmalu,Pantry Staples,Sardines,4.5,5.99,1.4899999999999998,14.0,83.86,20.859999999999996
598,Lime Pickle La,Pantry Staples,Pickle,3.100000000000001,4.79,1.6900000000000002,14.0,67.06,23.660000000000004
320,Derana Coconut Viniger 350Ml,Pantry Staples,Vinegar,1.0999999999999999,1.75,0.6500000000000001,14.0,24.5,9.100000000000001
538,Idly Rice 1Kg,Pantry Staples,Rice,2.5,3.2899999999999996,0.7900000000000001,14.0,46.059999999999995,11.06
460,Fried Keeramin,Pantry Staples,Condiments,4.799999999999999,6.489999999999999,1.6900000000000002,14.0,90.85999999999999,23.660000000000004
196,Chilli Checkpes 300G,Pantry Staples,Grains And Pulses,1.8000000000000003,3.990000000000001,2.1900000000000004,13.0,51.87000000000002,28.47
665,Md Fresh Chilli & Vinegar,Pantry Staples,Vinegar,2.7,3.5,0.8,13.0,45.5,10.4
370,Derana R/Curry Powder 500G,Pantry Staples,Spices,4.200000000000001,5.450000000000002,1.25,13.0,70.85000000000001,16.25
387,Derana Veg Lunumiris 350G,Pantry Staples,Sauces,3.649999999999999,3.9900000000000015,0.3399999999999999,13.0,51.87000000000002,4.419999999999999
1050,Tomato & Basil Sauce,Pantry Staples,Sauce,0.0,2.990000000000001,2.990000000000001,13.0,38.87000000000001,38.87000000000001
952,Seeni Sambol Kist,Pantry Staples,Spices,1.59,2.5,0.91,13.0,32.5,11.83
912,Red Rice Flour1Kg,Pantry Staples,Flour,2.1999999999999997,3.1999999999999997,1.0,13.0,41.6,13.0
100,Black Pepper Crushed100G,Pantry Staples,Spices,2.3000000000000003,3.9900000000000015,1.6900000000000002,13.0,51.87000000000001,21.970000000000002
1111,Whte Rice Flour1Kg,Pantry Staples,Flour,0.0,2.9900000000000007,2.9900000000000007,13.0,38.870000000000005,38.870000000000005
18,Ambarella Chutney Dera,Pantry Staples,Pickle,3.399999999999999,4.990000000000001,1.59,13.0,64.87000000000002,20.67
731,Mustatd Sauce 375G,Pantry Staples,Sauces,4.1000000000000005,5.29,1.1899999999999997,12.0,63.48,14.279999999999996
673,Md Original Mango Chutney,Pantry Staples,Sauces,2.5599999999999996,3.9900000000000015,1.43,12.0,47.88000000000002,17.16
1060,Toor Dhall 5Kg,Pantry Staples,Grains And Pulses,11.75,12.0,0.25,12.0,144.0,3.0
1013,Suwadel Rice 1Kg,Pantry Staples,Rice,3.5499999999999994,4.6899999999999995,1.1400000000000001,12.0,56.279999999999994,13.680000000000001
189,Chicken Masala 50G,Pantry Staples,Spices,2.0,2.5,0.5,12.0,30.0,6.0
728,Mustard Cream 150G,Pantry Staples,Condiments,2.899999999999999,3.9900000000000015,1.09,12.0,47.88000000000002,13.08
469,Garam Masala Shan,Pantry Staples,Spices,0.0,3.0,3.0,12.0,36.0,36.0
1027,Tamarind Seedless 500G,Pantry Staples,Spices,6.0,7.489999999999999,1.49,12.0,89.88,17.88
712,Motha Strawberry Flavour Jelly100G,Pantry Staples,Sugar,1.1999999999999997,2.3999999999999995,1.1999999999999997,12.0,28.799999999999994,14.399999999999997
271,Cumin Ground 200G,Pantry Staples,Spices,2.1999999999999997,3.9900000000000015,1.7899999999999994,12.0,47.88000000000002,21.479999999999993
957,Self Raising Flour 1Kg,Pantry Staples,Flour,1.5999999999999999,2.39,0.7900000000000001,12.0,28.680000000000003,9.48
391,Derana White Keeri Samba 1Kg,Pantry Staples,Rice,2.8000000000000003,3.9900000000000015,1.1899999999999997,12.0,47.88000000000002,14.279999999999996
410,Dried Mora 250G,Pantry Staples,Dried Fish,5.75,7.5,1.75,11.0,82.5,19.25
1045,Thora Dried Derana,Pantry Staples,Dried Fish,0.0,6.3999999999999995,6.3999999999999995,11.0,70.39999999999999,70.39999999999999
357,Derana Mutton Curry Mix 350G,Pantry Staples,Spices,2.8999999999999995,4.990000000000001,2.09,11.0,54.890000000000015,22.99
1048,Tiger Brand Basmathi5Kg,Pantry Staples,Rice,8.5,11.0,2.5,11.0,121.0,27.5
92,Biryani Masala 200G,Pantry Staples,Spices,0.0,3.0,3.0,11.0,33.0,33.0
568,Kithul Jaggery 300G,Pantry Staples,Sugar,3.8,4.990000000000001,1.1899999999999997,11.0,54.890000000000015,13.089999999999996
187,Chicken Curry Mix La,Pantry Staples,Spices,3.100000000000001,3.9900000000000015,0.8900000000000001,11.0,43.890000000000015,9.790000000000001
188,Chicken Masala 200G,Pantry Staples,Spices,1.85,2.5,0.6500000000000001,11.0,27.5,7.150000000000001
827,Pepper Kibbled 100G,Pantry Staples,Spices,2.899999999999999,3.7899999999999996,0.8900000000000001,11.0,41.69,9.790000000000001
981,Spaghettini 03,Pantry Staples,Pasta,0.0,0.9900000000000001,0.9900000000000001,11.0,10.89,10.89
734,Naga Pickle,Pantry Staples,Pickle,2.0,2.9900000000000007,0.9900000000000001,11.0,32.89000000000001,10.89
468,Garam Masala 100G,Pantry Staples,Spices,1.9499999999999995,2.5,0.5499999999999999,11.0,27.5,6.049999999999999
708,Mora Dried  200G Derana,Pantry Staples,Dried Fish,4.950000000000001,6.99,2.0399999999999996,11.0,76.89,22.439999999999994
715,Mung Beans 1Kg Pattu,Pantry Staples,Pulses And Grains,0.0,3.5,3.5,11.0,38.5,38.5
605,Linseed Whole 500G,Pantry Staples,Spices,3.0,3.9900000000000015,0.9900000000000001,11.0,43.890000000000015,10.89
1103,White Raw Rice 1Kg Cic,Pantry Staples,Rice,2.3500000000000005,3.5900000000000007,1.24,11.0,39.49000000000001,13.64
217,Cic Red Lit Basmathi 5Kg,Pantry Staples,Rice,13.0,17.0,4.0,11.0,187.0,44.0
45,Atta Chakki Fresh,Pantry Staples,Flour,1.85,2.5,0.6500000000000001,11.0,27.5,7.15
732,Muth Samba 5Kg Araliya,Pantry Staples,Rice,8.64,11.989999999999998,3.350000000000001,11.0,131.89,36.85000000000001
235,Coconut Sambol Red La,Pantry Staples,Coconut Products,3.45,4.3999999999999995,0.95,10.0,43.99999999999999,9.5
450,Fish Curry Mix 375G,Pantry Staples,Spices,2.8999999999999995,4.990000000000001,2.09,10.0,49.90000000000001,20.9
393,Derana White S/H Flour 700G,Pantry Staples,Flour,1.5,1.9499999999999997,0.45000000000000007,10.0,19.5,4.5
44,Atta 5Kg Dia,Pantry Staples,Flour,5.950000000000001,7.99,2.0399999999999996,10.0,79.9,20.399999999999995
120,Briyani Masala 200G,Pantry Staples,Spices,2.25,3.0,0.75,10.0,30.0,7.5
1106,White Vinegar 500Ml,Pantry Staples,Vinegar,3.0,3.990000000000001,0.99,10.0,39.90000000000001,9.9
2,1Lt Coconut Oil Ver,Pantry Staples,Oil,0.0,14.0,14.0,10.0,140.0,140.0
645,Mango Chutney La,Pantry Staples,Condiments,3.1000000000000005,3.627272727,0.5272727269999999,10.0,36.27272727,5.27272727
680,Md Woodapple Jam 785G,Pantry Staples,Condiments,2.75,3.490000000000001,0.7400000000000001,10.0,34.90000000000001,7.400000000000001
781,Paprika Hot 100G,Pantry Staples,Spices,1.25,1.9899999999999998,0.7400000000000001,10.0,19.9,7.400000000000001
557,Keeramin Large200G Sera,Pantry Staples,Sardines,3.1000000000000005,4.5,1.4000000000000001,10.0,45.0,14.000000000000002
671,Md Mango Chutney,Pantry Staples,Sauces,2.7100000000000004,3.990000000000001,1.2799999999999998,10.0,39.90000000000001,12.799999999999999
748,Olive Oil 1Lt Bal,Pantry Staples,Pasta,10.94,12.5,1.5600000000000003,10.0,125.0,15.600000000000003
201,Chilli Paste Veg,Pantry Staples,Spices,4.200000000000001,5.990000000000001,1.7899999999999996,10.0,59.90000000000001,17.899999999999995
250,Coriander Seed 500G,Pantry Staples,Spices,2.75,3.990000000000001,1.24,10.0,39.90000000000001,12.4
136,Buriyani Mix La,Pantry Staples,Spices,3.3500000000000005,4.990000000000001,1.6400000000000001,9.0,44.91000000000001,14.760000000000002
893,Rampe Leaves Dried 50G,Pantry Staples,Spices,1.4499999999999997,2.5,1.05,9.0,22.5,9.450000000000001
127,Brown Rice1Kg,Pantry Staples,Rice,0.0,3.6272727270000003,3.6272727270000003,9.0,32.645454543,32.645454543
361,Derana Parboiled 1Kg,Pantry Staples,Dried Fish,2.1,2.75,0.65,9.0,24.75,5.8500000000000005
382,Derana Soyameat Regular,Pantry Staples,Pulses And Grains,1.0,1.6899999999999997,0.69,9.0,15.209999999999997,6.209999999999999
821,Pennaki1 81,Pantry Staples,Pasta,1.8000000000000003,2.6,0.7999999999999999,9.0,23.400000000000002,7.199999999999999
435,Fava Beans 398Ml,Pantry Staples,Grains And Pulses,1.0,1.4000000000000001,0.39999999999999997,9.0,12.600000000000001,3.5999999999999996
1088,Virgin Olive Oil 1Lt,Pantry Staples,Oil,11.0,12.989999999999998,1.99,9.0,116.90999999999998,17.91
1085,Vinegar 350Ml,Pantry Staples,Vinegar,2.8500000000000005,1.99,-0.8600000000000001,9.0,17.91,-7.740000000000001
1108,Whole Chilli500G,Pantry Staples,Spices,5.25,7.990000000000001,2.74,9.0,71.91000000000001,24.660000000000004
642,Mangal Chicken Masala 100G,Pantry Staples,Masala,1.0,1.99,0.99,9.0,17.91,8.91
415,Dried Thora 250G,Pantry Staples,Condiments,5.75,7.5,1.75,8.0,60.0,14.0
119,Brinjol Moju Deran,Pantry Staples,Pickle,4.0,5.990000000000001,1.99,8.0,47.92000000000001,15.92
1101,Welpenela Porridge 50G,Pantry Staples,Dry,1.0999999999999999,1.5999999999999999,0.5,8.0,12.799999999999999,4.0
1091,Virgin Olive Oil 500Ml,Pantry Staples,Oil,7.079999999999999,8.99,1.91,8.0,71.92,15.28
1084,Vindaloo Masala 50G,Pantry Staples,Spices,0.0,2.5,2.5,8.0,20.0,20.0
371,Derana Rasam Mix 300G,Pantry Staples,Spices,2.8999999999999995,4.5,1.5999999999999999,8.0,36.0,12.799999999999999
939,Rstd White Rice Flour 1Kg,Pantry Staples,Flour,3.0,4.29,1.2900000000000003,8.0,34.32,10.32
375,Derana Red Raw Rice 5Kg,Pantry Staples,Rice,9.6,13.69,4.09,8.0,109.52,32.72
1028,Tandoori Masala,Pantry Staples,Spices,0.0,3.0,3.0,8.0,24.0,24.0
975,Sona Masoori 5Kg,Pantry Staples,Rice,8.25,10.5,2.25,8.0,84.0,18.0
1036,Tea Jack Madulu In Brine,Pantry Staples,Condiments,3.0,3.9900000000000007,0.9900000000000001,8.0,31.92,7.92
906,Red Parboiled Rice 1Kg Cic,Pantry Staples,Rice,2.4499999999999997,3.1999999999999997,0.75,8.0,25.599999999999998,6.0
486,Ginger & Garlic 350G Pattu,Pantry Staples,Condiments,2.57,3.490000000000001,0.92,8.0,27.92000000000001,7.36
1037,Tea Jack Mellum In Brine,Pantry Staples,Pickle,3.0,3.990000000000001,0.9900000000000001,8.0,31.92000000000001,7.92
825,Pepper Corns Black 100G,Pantry Staples,Spices,2.75,3.6000000000000005,0.8499999999999999,8.0,28.800000000000004,6.799999999999999
1025,Tamarind 400G,Pantry Staples,Spices,3.3000000000000003,4.990000000000001,1.6899999999999997,8.0,39.92000000000001,13.519999999999998
1024,Tamarind 200G Derana,Pantry Staples,Condiments,1.6999999999999997,2.99,1.29,8.0,23.92,10.32
407,Dried Hurulu 250G,Pantry Staples,Dried Fish,5.75,6.990000000000001,1.24,8.0,55.92000000000001,9.92
475,Garlic Mince 350G Pattu,Pantry Staples,Pickle,2.57,3.490000000000001,0.92,7.0,24.430000000000007,6.44
674,Md Pineapple Cordial,Pantry Staples,Sauces,4.5,5.445454544999999,0.9454545450000003,7.0,38.11818181499999,6.618181815000002
104,Black Sesame Seeds 500G,Pantry Staples,Spices,4.0,5.29,1.2900000000000003,7.0,37.03,9.030000000000001
1102,White Basmathi 1Kg Cic,Pantry Staples,Rice,3.1999999999999997,4.39,1.1899999999999997,7.0,30.73,8.329999999999998
223,Clove Whole 100G,Pantry Staples,Spices,2.4,4.5,2.1,7.0,31.5,14.7
661,Md Coconut Treacle,Pantry Staples,Coconut Products,6.0,7.5,1.5,7.0,52.5,10.5
908,Red Raw Rice 1Kg Cic,Pantry Staples,Rice,2.4499999999999997,3.990000000000001,1.5400000000000003,7.0,27.930000000000007,10.780000000000001
769,Org.Coconut Milk 300G,Pantry Staples,Coconut Products,4.5,5.990000000000001,1.49,7.0,41.93000000000001,10.43
984,Spicy Greenpeas 300G,Pantry Staples,Pulses And Grains,2.75,3.990000000000001,1.24,7.0,27.930000000000007,8.68
60,Balsamic Vinegar 500Ml,Pantry Staples,Vinegar,3.0,3.990000000000001,0.9900000000000001,7.0,27.930000000000007,6.930000000000001
336,Derana Indian Basmathi 10Kg,Pantry Staples,Rice,24.650000000000002,30.0,5.3500000000000005,7.0,210.0,37.45
166,Cashew Nuts 200G,Pantry Staples,Sauce,4.759999999999999,5.799999999999999,1.04,7.0,40.599999999999994,7.28
1076,Urid Flour 200 Wijaya,Pantry Staples,Flour,1.9000000000000001,2.99,1.09,7.0,20.93,7.630000000000001
376,Derana Red S/H Flour 700G,Pantry Staples,Flour,1.5,1.9499999999999997,0.45000000000000007,7.0,13.649999999999999,3.1500000000000004
408,Dried Kooni Large,Pantry Staples,Dried Fish,5.75,7.5,1.75,7.0,52.5,12.25
409,Dried Kooni Small 250G,Pantry Staples,Dried Fish,5.5,7.5,2.0,7.0,52.5,14.0
656,Md Bread Fruit In Brine,Pantry Staples,Condiments,2.9499999999999997,4.5,1.5500000000000003,7.0,31.5,10.850000000000001
539,India Gate Sella 5Kg,Pantry Staples,Grapes,11.99,13.99,2.0,6.0,83.94,12.0
613,Lotus In Brine Arali,Pantry Staples,Condiments,3.1999999999999997,4.990000000000001,1.7899999999999998,6.0,29.940000000000005,10.739999999999998
165,Cashew Curry Seran,Pantry Staples,Sauce,4.95,5.95,1.0,6.0,35.7,6.0
367,Derana R/Chilli Powder 250G,Pantry Staples,Spices,2.3000000000000003,3.0,0.7000000000000001,6.0,18.0,4.2
451,Fish Curry Mix La,Pantry Staples,Sauces,3.1,4.990000000000001,1.89,6.0,29.940000000000005,11.34
374,Derana Red Basmathi 5Kg,Pantry Staples,Rice,13.4,18.400000000000002,5.0,6.0,110.4,30.0
440,Fennel Seeds 100G,Pantry Staples,Spices,2.0,2.99,0.9900000000000001,6.0,17.94,5.94
301,Derana Basmathi 10Kg,Pantry Staples,Rice,22.5,29.0,6.5,6.0,174.0,39.0
744,Nipuna Supiri Samba5Kg,Pantry Staples,Rice,14.0,17.5,3.5,6.0,105.0,21.0
412,Dried Prawns (Boil & Dried),Pantry Staples,Condiments,4.3,5.3,1.0,6.0,31.8,6.0
358,Derana Panna Dried Fish 200G,Pantry Staples,Dried Fish,3.8,4.8,1.0,5.0,24.0,5.0
1047,Thyme Honey,Pantry Staples,Condiments,11.0,13.99,2.99,5.0,69.95,14.950000000000001
597,Lime Pickle 350G,Pantry Staples,Pickle,3.7,4.99,1.29,5.0,24.950000000000003,6.45
384,Derana Tamarind Paste 400G,Pantry Staples,Sauces,3.6,4.99,1.39,5.0,24.950000000000003,6.949999999999999
655,Md Belicream,Pantry Staples,Condiments,4.0,4.99,0.99,5.0,24.950000000000003,4.95
91,Biriyani Mix 50G,Pantry Staples,Spices,0.0,2.5,2.5,5.0,12.5,12.5
283,Daawat Super Basmathi 6.5Kg,Pantry Staples,Rice,17.5,22.5,5.0,5.0,112.5,25.0
677,Md Tomato Ketchup,Pantry Staples,Sauces,2.75,3.5,0.75,5.0,17.5,3.75
679,Md Woodapple Cream,Pantry Staples,Condiments,4.0,4.99,0.99,5.0,24.950000000000003,4.95
1083,Vegetable Oil 5Lt,Pantry Staples,Oil,8.5,12.0,3.5,5.0,60.0,17.5
116,Breadfruit In Brine Serendib,Pantry Staples,Condiments,2.85,3.9900000000000007,1.14,5.0,19.950000000000003,5.699999999999999
203,Chilli Powder Unr 200G,Pantry Staples,Spices,2.2,3.181818182,0.981818182,4.0,12.727272728,3.927272728
365,Derana Polos Mallum 325G,Pantry Staples,Condiments,3.7,4.99,1.29,4.0,19.96,5.16
280,Daawat 20Kg,Pantry Staples,Rice,31.0,40.0,9.0,4.0,160.0,36.0
654,Md Bbq Sauce 400Ml,Pantry Staples,Sauces,2.75,3.5,0.75,4.0,14.0,3.0
1086,Virgin Coconut Oil 300Ml,Pantry Staples,Oil,3.95,5.5,1.55,4.0,22.0,6.2
234,Coconut Oil 300Ml Serendib,Pantry Staples,Oil,2.5,4.5,2.0,4.0,18.0,8.0
118,Brinjal Pickle 400G,Pantry Staples,Pickle,3.95,5.2,1.25,4.0,20.8,5.0
596,Lima Beans 500G,Pantry Staples,Grains And Pulses,3.0,3.8,0.8,4.0,15.2,3.2
911,Red Raw Samba1Kg,Pantry Staples,Rice,2.05,3.5,1.45,4.0,14.0,5.8
959,Semolina Coarse 1Kg,Pantry Staples,Flour,1.4,3.0,1.6,4.0,12.0,6.4
930,Roasted Curry Powder500G Kand,Pantry Staples,Spices,4.5,6.5,2.0,4.0,26.0,8.0
129,Bruschetta Al Pomodoro,Pantry Staples,Condiments,4.0,4.99,0.99,4.0,19.96,3.96
578,Lal Qilla Basmathi 5Kg,Pantry Staples,Rice,18.0,23.0,5.0,4.0,92.0,20.0
360,Derana Paraw Dried Fish 200G,Pantry Staples,Dried Fish,3.9,5.989999999999999,2.09,4.0,23.96,8.36
705,Mixed Herbal Porridge 50G,Pantry Staples,Dry,1.1,1.6,0.5,4.0,6.4,2.0
608,Lite Red Raw Rice5Kg,Pantry Staples,Rice,9.8,12.5,2.7,4.0,50.0,10.8
390,Derana Virgin Coconut Oil 300Ml,Pantry Staples,Oil,4.9,6.4,1.5,4.0,25.6,6.0
657,Md Brinjal Curry,Pantry Staples,Sauces,4.75,6.29,1.54,3.0,18.87,4.62
711,Motha Mix Fruit Flavour Jelly,Pantry Staples,Condiments,1.1,1.45,0.3499999999999999,3.0,4.35,1.0499999999999998
796,Pasta Sauce Arrbbiata,Pantry Staples,Sauces,4.0,4.99,0.9899999999999999,3.0,14.97,2.9699999999999998
354,Derana Mixed Fruit Jam 450G,Pantry Staples,Condiments,2.7999999999999994,3.49,0.69,3.0,10.47,2.07
131,Bruschetta Alle Verdure,Pantry Staples,Pickle,4.0,4.99,0.9899999999999999,3.0,14.97,2.9699999999999998
1012,Supiri Keeri Samba 5Kg Cic,Pantry Staples,Rice,11.5,14.5,3.0,3.0,43.5,9.0
910,Red Raw Samba 5Kg Cic,Pantry Staples,Rice,10.5,12.99,2.49,3.0,38.97,7.470000000000001
99,Black Pepper 200G Kandyan,Pantry Staples,Spices,3.5,4.99,1.49,3.0,14.97,4.47
378,Derana Sago 250G,Pantry Staples,Grains And Pulses,1.3500000000000003,2.5,1.15,3.0,7.5,3.4499999999999997
207,Chinese Chilli Paste 300G,Pantry Staples,Spices,4.25,5.989999999999999,1.74,3.0,17.97,5.22
899,Red Basmathi 5Kg Araliya,Pantry Staples,Rice,13.5,15.445454544999999,1.9454545449999998,3.0,46.336363635,5.836363635
706,Monsoon Basmathi 5Kg,Pantry Staples,Rice,0.0,9.99,9.99,3.0,29.97,29.97
1131,Yellow Mustard Seeds 100G,Pantry Staples,Spices,0.0,2.99,2.99,3.0,8.97,8.97
1090,Virgin Olive Oil 500G,Pantry Staples,Oil,5.0,6.49,1.49,2.0,12.98,2.98
289,Dawaat Traditional Rice 5Kg,Pantry Staples,Rice,15.0,17.99,2.99,2.0,35.98,5.98
570,Kithul Treacle360Ml,Pantry Staples,Sugar,3.5,4.536363636,1.036363636,2.0,9.072727272,2.072727272
658,Md Chilli & Garlic Sauce,Pantry Staples,Sauce,2.75,3.5,0.75,2.0,7.0,1.5
334,Derana Hand Pou.Parb Red 5Kg,Pantry Staples,Rice,10.8,14.1,3.3,2.0,28.2,6.6
540,India Gate Super 10Kg,Pantry Staples,Rice,32.0,42.0,10.0,2.0,84.0,20.0
745,Nutmeg,Pantry Staples,Spices,0.0,5.5,5.5,2.0,11.0,11.0
59,Baking Powder 50G,Pantry Staples,Baking,1.2,1.99,0.79,2.0,3.98,1.58
797,Pasta Sause Basilico,Pantry Staples,Sauces,4.0,4.99,0.99,2.0,9.98,1.98
130,Bruschetta All Aglio,Pantry Staples,Condiments,4.0,4.99,0.99,2.0,9.98,1.98
567,Kist Pineapple Jam 300G,Pantry Staples,Condiments,2.0,2.8,0.8,2.0,5.6,1.6
854,Polos Mellum In Brine 560G,Pantry Staples,Sauces,3.0,3.99,0.99,2.0,7.98,1.98
800,Pasta Short,Pantry Staples,Pasta,3.5,5.0,1.5,2.0,10.0,3.0
798,Pasta Sause Peperoni,Pantry Staples,Sauces,4.0,4.99,0.99,2.0,9.98,1.98
395,Derana Woodapple Jam 450G,Pantry Staples,Condiments,2.8,3.99,1.19,2.0,7.98,2.38
743,Nipuna Keeri Samba 5Kg,Pantry Staples,Rice,13.5,14.99,1.49,2.0,29.98,2.98
733,Muthu Samba 5Kg Cic,Pantry Staples,Rice,12.24,15.5,3.26,2.0,31.0,6.52
335,Derana Hand Pou.Parb.Red 1Kg,Pantry Staples,Rice,2.35,3.55,1.2,2.0,7.1,2.4
337,Derana Indian Basmathi 20Kg,Pantry Staples,Rice,37.0,43.0,6.0,2.0,86.0,12.0
404,Dried Anguluwa Sera,Pantry Staples,Dried Fish,3.1,4.5,1.4,1.0,4.5,1.4
219,Cinnamon 50G Kandyan,Pantry Staples,Spices,2.3,3.5,1.2,1.0,3.5,1.2
704,Mixed Fruit Jam300Gkist,Pantry Staples,Condiments,2.0,2.8,0.8,1.0,2.8,0.8
537,Icing Sugar 500G,Pantry Staples,Sugar,1.4,2.29,0.89,1.0,2.29,0.89
394,Derana Woodapple Cordial 750Ml,Pantry Staples,Sauces,4.5,4.990909091,0.490909091,1.0,4.990909091,0.490909091
799,Pasta Sause Verdure,Pantry Staples,Sauces,4.0,4.99,0.99,1.0,4.99,0.99
386,Derana Tomato Sauce 350Ml,Pantry Staples,Sauces,2.4,3.99,1.59,1.0,3.99,1.59
698,Mithas 5Kg,Pantry Staples,Rice,12.0,15.0,3.0,1.0,15.0,3.0
315,Derana Chilli Sauce 350Ml,Pantry Staples,Sauces,2.4,3.5,1.1,1.0,3.5,1.1
273,Cumin Powder 100G,Pantry Staples,Spices,0.0,2.99,2.99,1.0,2.99,2.99
128,Bruschetta Ai Peperoni,Pantry Staples,Condiments,4.0,4.99,0.99,1.0,4.99,0.99
303,Derana Bbq Sauce 350Ml,Pantry Staples,Sauces,2.4,3.99,1.59,1.0,3.99,1.59
958,Semolina 1Kg Fine Pattu,Pantry Staples,Flour,1.4,3.0,1.6,1.0,3.0,1.6
160,Cardamon Pods 100G,Pantry Staples,Grains And Pulses,3.8,4.99,1.19,1.0,4.99,1.19
